file_name,relative_path,label,sequence_type,num_events
aws_credential-access_ec2-steal-instance-credentials_sequence.txt,dataset/malicious/base/aws_credential-access_ec2-steal-instance-credentials_sequence.txt,malicious,base,38
aws_credential-access_secretsmanager-batch-retrieve-secrets_sequence.txt,dataset/malicious/base/aws_credential-access_secretsmanager-batch-retrieve-secrets_sequence.txt,malicious,base,5
aws_credential-access_secretsmanager-retrieve-secrets_sequence.txt,dataset/malicious/base/aws_credential-access_secretsmanager-retrieve-secrets_sequence.txt,malicious,base,21
aws_credential-access_ssm-retrieve-securestring-parameters_sequence.txt,dataset/malicious/base/aws_credential-access_ssm-retrieve-securestring-parameters_sequence.txt,malicious,base,10
aws_defense-evasion_cloudtrail-delete_sequence.txt,dataset/malicious/base/aws_defense-evasion_cloudtrail-delete_sequence.txt,malicious,base,1
aws_defense-evasion_cloudtrail-event-selectors_sequence.txt,dataset/malicious/base/aws_defense-evasion_cloudtrail-event-selectors_sequence.txt,malicious,base,2
aws_defense-evasion_cloudtrail-lifecycle-rule_sequence.txt,dataset/malicious/base/aws_defense-evasion_cloudtrail-lifecycle-rule_sequence.txt,malicious,base,1
aws_defense-evasion_cloudtrail-stop_sequence.txt,dataset/malicious/base/aws_defense-evasion_cloudtrail-stop_sequence.txt,malicious,base,2
aws_defense-evasion_dns-delete-logs_sequence.txt,dataset/malicious/base/aws_defense-evasion_dns-delete-logs_sequence.txt,malicious,base,1
aws_defense-evasion_organizations-leave_sequence.txt,dataset/malicious/base/aws_defense-evasion_organizations-leave_sequence.txt,malicious,base,3
aws_defense-evasion_vpc-remove-flow-logs_sequence.txt,dataset/malicious/base/aws_defense-evasion_vpc-remove-flow-logs_sequence.txt,malicious,base,1
aws_discovery_ec2-download-user-data_sequence.txt,dataset/malicious/base/aws_discovery_ec2-download-user-data_sequence.txt,malicious,base,17
aws_discovery_ses-enumerate_sequence.txt,dataset/malicious/base/aws_discovery_ses-enumerate_sequence.txt,malicious,base,3
aws_execution_ec2-launch-unusual-instances_sequence.txt,dataset/malicious/base/aws_execution_ec2-launch-unusual-instances_sequence.txt,malicious,base,3
aws_execution_ssm-send-command_sequence.txt,dataset/malicious/base/aws_execution_ssm-send-command_sequence.txt,malicious,base,71
aws_execution_ssm-start-session_sequence.txt,dataset/malicious/base/aws_execution_ssm-start-session_sequence.txt,malicious,base,5
aws_exfiltration_ec2-security-group-open-port-22-ingress_sequence.txt,dataset/malicious/base/aws_exfiltration_ec2-security-group-open-port-22-ingress_sequence.txt,malicious,base,1
aws_exfiltration_ec2-share-ami_sequence.txt,dataset/malicious/base/aws_exfiltration_ec2-share-ami_sequence.txt,malicious,base,1
aws_exfiltration_ec2-share-ebs-snapshot_sequence.txt,dataset/malicious/base/aws_exfiltration_ec2-share-ebs-snapshot_sequence.txt,malicious,base,1
aws_exfiltration_rds-share-snapshot_sequence.txt,dataset/malicious/base/aws_exfiltration_rds-share-snapshot_sequence.txt,malicious,base,2
aws_exfiltration_s3-backdoor-bucket-policy_sequence.txt,dataset/malicious/base/aws_exfiltration_s3-backdoor-bucket-policy_sequence.txt,malicious,base,1
aws_impact_bedrock-invoke-model_sequence.txt,dataset/malicious/base/aws_impact_bedrock-invoke-model_sequence.txt,malicious,base,1
aws_initial-access_console-login-without-mfa_sequence.txt,dataset/malicious/base/aws_initial-access_console-login-without-mfa_sequence.txt,malicious,base,1
aws_lateral-movement_ec2-instance-connect_sequence.txt,dataset/malicious/base/aws_lateral-movement_ec2-instance-connect_sequence.txt,malicious,base,3
aws_lateral-movement_ec2-serial-console-send-ssh-public-key_sequence.txt,dataset/malicious/base/aws_lateral-movement_ec2-serial-console-send-ssh-public-key_sequence.txt,malicious,base,5
aws_persistence_iam-backdoor-role_sequence.txt,dataset/malicious/base/aws_persistence_iam-backdoor-role_sequence.txt,malicious,base,1
aws_persistence_iam-backdoor-user_sequence.txt,dataset/malicious/base/aws_persistence_iam-backdoor-user_sequence.txt,malicious,base,3
aws_persistence_iam-create-admin-user_sequence.txt,dataset/malicious/base/aws_persistence_iam-create-admin-user_sequence.txt,malicious,base,4
aws_persistence_iam-create-backdoor-role_sequence.txt,dataset/malicious/base/aws_persistence_iam-create-backdoor-role_sequence.txt,malicious,base,3
aws_persistence_iam-create-user-login-profile_sequence.txt,dataset/malicious/base/aws_persistence_iam-create-user-login-profile_sequence.txt,malicious,base,4
aws_persistence_lambda-backdoor-function_sequence.txt,dataset/malicious/base/aws_persistence_lambda-backdoor-function_sequence.txt,malicious,base,1
aws_persistence_lambda-layer-extension_sequence.txt,dataset/malicious/base/aws_persistence_lambda-layer-extension_sequence.txt,malicious,base,1
aws_persistence_lambda-overwrite-code_sequence.txt,dataset/malicious/base/aws_persistence_lambda-overwrite-code_sequence.txt,malicious,base,1
aws_persistence_rolesanywhere-create-trust-anchor_sequence.txt,dataset/malicious/base/aws_persistence_rolesanywhere-create-trust-anchor_sequence.txt,malicious,base,2
combo_CA_DE_01.txt,dataset/malicious/combination/combo_CA_DE_01.txt,malicious,combination,3
combo_CA_DE_02.txt,dataset/malicious/combination/combo_CA_DE_02.txt,malicious,combination,3
combo_CA_DE_03.txt,dataset/malicious/combination/combo_CA_DE_03.txt,malicious,combination,2
combo_CA_EF_01.txt,dataset/malicious/combination/combo_CA_EF_01.txt,malicious,combination,3
combo_CA_EF_02.txt,dataset/malicious/combination/combo_CA_EF_02.txt,malicious,combination,3
combo_CA_EF_03.txt,dataset/malicious/combination/combo_CA_EF_03.txt,malicious,combination,3
combo_CA_EF_04.txt,dataset/malicious/combination/combo_CA_EF_04.txt,malicious,combination,4
combo_CA_PS_DE_01.txt,dataset/malicious/combination/combo_CA_PS_DE_01.txt,malicious,combination,5
combo_CA_PS_EF_01.txt,dataset/malicious/combination/combo_CA_PS_EF_01.txt,malicious,combination,6
combo_DA_CA_01.txt,dataset/malicious/combination/combo_DA_CA_01.txt,malicious,combination,5
combo_DA_CA_02.txt,dataset/malicious/combination/combo_DA_CA_02.txt,malicious,combination,5
combo_DA_CA_03.txt,dataset/malicious/combination/combo_DA_CA_03.txt,malicious,combination,6
combo_DA_CA_04.txt,dataset/malicious/combination/combo_DA_CA_04.txt,malicious,combination,4
combo_DA_CA_EF_01.txt,dataset/malicious/combination/combo_DA_CA_EF_01.txt,malicious,combination,6
combo_DA_CA_EF_02.txt,dataset/malicious/combination/combo_DA_CA_EF_02.txt,malicious,combination,6
combo_DA_EF_01.txt,dataset/malicious/combination/combo_DA_EF_01.txt,malicious,combination,4
combo_DA_EF_02.txt,dataset/malicious/combination/combo_DA_EF_02.txt,malicious,combination,4
combo_DA_EF_03.txt,dataset/malicious/combination/combo_DA_EF_03.txt,malicious,combination,5
combo_DA_EF_04.txt,dataset/malicious/combination/combo_DA_EF_04.txt,malicious,combination,4
combo_DA_PS_DE_01.txt,dataset/malicious/combination/combo_DA_PS_DE_01.txt,malicious,combination,6
combo_EX_EF_01.txt,dataset/malicious/combination/combo_EX_EF_01.txt,malicious,combination,4
combo_EX_EF_02.txt,dataset/malicious/combination/combo_EX_EF_02.txt,malicious,combination,4
combo_EX_EF_03.txt,dataset/malicious/combination/combo_EX_EF_03.txt,malicious,combination,4
combo_EX_IM_01.txt,dataset/malicious/combination/combo_EX_IM_01.txt,malicious,combination,4
combo_EX_IM_02.txt,dataset/malicious/combination/combo_EX_IM_02.txt,malicious,combination,4
combo_IA_CA_01.txt,dataset/malicious/combination/combo_IA_CA_01.txt,malicious,combination,3
combo_IA_CA_02.txt,dataset/malicious/combination/combo_IA_CA_02.txt,malicious,combination,2
combo_IA_CA_03.txt,dataset/malicious/combination/combo_IA_CA_03.txt,malicious,combination,3
combo_IA_CA_04.txt,dataset/malicious/combination/combo_IA_CA_04.txt,malicious,combination,4
combo_IA_CA_EF_01.txt,dataset/malicious/combination/combo_IA_CA_EF_01.txt,malicious,combination,4
combo_IA_CA_EF_02.txt,dataset/malicious/combination/combo_IA_CA_EF_02.txt,malicious,combination,4
combo_IA_CA_EF_03.txt,dataset/malicious/combination/combo_IA_CA_EF_03.txt,malicious,combination,4
combo_IA_DA_01.txt,dataset/malicious/combination/combo_IA_DA_01.txt,malicious,combination,4
combo_IA_DA_02.txt,dataset/malicious/combination/combo_IA_DA_02.txt,malicious,combination,4
combo_IA_DA_CA_01.txt,dataset/malicious/combination/combo_IA_DA_CA_01.txt,malicious,combination,6
combo_IA_DA_CA_02.txt,dataset/malicious/combination/combo_IA_DA_CA_02.txt,malicious,combination,6
combo_IA_DA_DE_01.txt,dataset/malicious/combination/combo_IA_DA_DE_01.txt,malicious,combination,5
combo_IA_DA_DE_02.txt,dataset/malicious/combination/combo_IA_DA_DE_02.txt,malicious,combination,5
combo_IA_DE_01.txt,dataset/malicious/combination/combo_IA_DE_01.txt,malicious,combination,2
combo_IA_DE_02.txt,dataset/malicious/combination/combo_IA_DE_02.txt,malicious,combination,2
combo_IA_DE_03.txt,dataset/malicious/combination/combo_IA_DE_03.txt,malicious,combination,2
combo_IA_DE_04.txt,dataset/malicious/combination/combo_IA_DE_04.txt,malicious,combination,2
combo_IA_DE_05.txt,dataset/malicious/combination/combo_IA_DE_05.txt,malicious,combination,2
combo_IA_DE_06.txt,dataset/malicious/combination/combo_IA_DE_06.txt,malicious,combination,2
combo_IA_DE_07.txt,dataset/malicious/combination/combo_IA_DE_07.txt,malicious,combination,4
combo_IA_DE_EF_01.txt,dataset/malicious/combination/combo_IA_DE_EF_01.txt,malicious,combination,6
combo_IA_EF_01.txt,dataset/malicious/combination/combo_IA_EF_01.txt,malicious,combination,2
combo_IA_EF_02.txt,dataset/malicious/combination/combo_IA_EF_02.txt,malicious,combination,2
combo_IA_EF_03.txt,dataset/malicious/combination/combo_IA_EF_03.txt,malicious,combination,2
combo_IA_EF_04.txt,dataset/malicious/combination/combo_IA_EF_04.txt,malicious,combination,3
combo_IA_EF_05.txt,dataset/malicious/combination/combo_IA_EF_05.txt,malicious,combination,2
combo_IA_EX_02.txt,dataset/malicious/combination/combo_IA_EX_02.txt,malicious,combination,4
combo_IA_EX_03.txt,dataset/malicious/combination/combo_IA_EX_03.txt,malicious,combination,4
combo_IA_EX_DE_01.txt,dataset/malicious/combination/combo_IA_EX_DE_01.txt,malicious,combination,6
combo_IA_EX_IM_01.txt,dataset/malicious/combination/combo_IA_EX_IM_01.txt,malicious,combination,8
combo_IA_EX_ssm_session_01.txt,dataset/malicious/combination/combo_IA_EX_ssm_session_01.txt,malicious,combination,7
combo_IA_IM_01.txt,dataset/malicious/combination/combo_IA_IM_01.txt,malicious,combination,2
combo_IA_LM_01.txt,dataset/malicious/combination/combo_IA_LM_01.txt,malicious,combination,4
combo_IA_LM_02.txt,dataset/malicious/combination/combo_IA_LM_02.txt,malicious,combination,5
combo_IA_LM_EF_01.txt,dataset/malicious/combination/combo_IA_LM_EF_01.txt,malicious,combination,5
combo_IA_LM_EF_02.txt,dataset/malicious/combination/combo_IA_LM_EF_02.txt,malicious,combination,6
combo_IA_LM_EX_01.txt,dataset/malicious/combination/combo_IA_LM_EX_01.txt,malicious,combination,6
combo_IA_LM_EX_02.txt,dataset/malicious/combination/combo_IA_LM_EX_02.txt,malicious,combination,6
combo_IA_PS_01.txt,dataset/malicious/combination/combo_IA_PS_01.txt,malicious,combination,2
combo_IA_PS_02.txt,dataset/malicious/combination/combo_IA_PS_02.txt,malicious,combination,4
combo_IA_PS_03.txt,dataset/malicious/combination/combo_IA_PS_03.txt,malicious,combination,5
combo_IA_PS_04.txt,dataset/malicious/combination/combo_IA_PS_04.txt,malicious,combination,3
combo_IA_PS_05.txt,dataset/malicious/combination/combo_IA_PS_05.txt,malicious,combination,5
combo_IA_PS_06.txt,dataset/malicious/combination/combo_IA_PS_06.txt,malicious,combination,2
combo_IA_PS_07.txt,dataset/malicious/combination/combo_IA_PS_07.txt,malicious,combination,2
combo_IA_PS_08.txt,dataset/malicious/combination/combo_IA_PS_08.txt,malicious,combination,2
combo_IA_PS_09.txt,dataset/malicious/combination/combo_IA_PS_09.txt,malicious,combination,4
combo_IA_PS_DE_01.txt,dataset/malicious/combination/combo_IA_PS_DE_01.txt,malicious,combination,6
combo_IA_PS_DE_02.txt,dataset/malicious/combination/combo_IA_PS_DE_02.txt,malicious,combination,5
combo_IA_PS_DE_03.txt,dataset/malicious/combination/combo_IA_PS_DE_03.txt,malicious,combination,3
combo_IA_PS_EF_01.txt,dataset/malicious/combination/combo_IA_PS_EF_01.txt,malicious,combination,6
combo_LM_EF_01.txt,dataset/malicious/combination/combo_LM_EF_01.txt,malicious,combination,4
combo_LM_EF_02.txt,dataset/malicious/combination/combo_LM_EF_02.txt,malicious,combination,5
combo_LM_EX_01.txt,dataset/malicious/combination/combo_LM_EX_01.txt,malicious,combination,5
combo_LM_EX_02.txt,dataset/malicious/combination/combo_LM_EX_02.txt,malicious,combination,5
combo_LM_EX_03.txt,dataset/malicious/combination/combo_LM_EX_03.txt,malicious,combination,6
combo_LM_EX_EF_01.txt,dataset/malicious/combination/combo_LM_EX_EF_01.txt,malicious,combination,7
combo_PS_DE_01.txt,dataset/malicious/combination/combo_PS_DE_01.txt,malicious,combination,5
combo_PS_DE_02.txt,dataset/malicious/combination/combo_PS_DE_02.txt,malicious,combination,3
combo_PS_DE_03.txt,dataset/malicious/combination/combo_PS_DE_03.txt,malicious,combination,4
combo_PS_DE_04.txt,dataset/malicious/combination/combo_PS_DE_04.txt,malicious,combination,2
combo_PS_DE_05.txt,dataset/malicious/combination/combo_PS_DE_05.txt,malicious,combination,2
combo_PS_DE_EF_01.txt,dataset/malicious/combination/combo_PS_DE_EF_01.txt,malicious,combination,6
combo_PS_DE_EF_02.txt,dataset/malicious/combination/combo_PS_DE_EF_02.txt,malicious,combination,4
combo_PS_LM_EX_01.txt,dataset/malicious/combination/combo_PS_LM_EX_01.txt,malicious,combination,8
combo_full_01.txt,dataset/malicious/combination/combo_full_01.txt,malicious,combination,8
combo_full_02.txt,dataset/malicious/combination/combo_full_02.txt,malicious,combination,10
combo_full_03.txt,dataset/malicious/combination/combo_full_03.txt,malicious,combination,8
combo_full_04.txt,dataset/malicious/combination/combo_full_04.txt,malicious,combination,10
combo_full_05.txt,dataset/malicious/combination/combo_full_05.txt,malicious,combination,10
combo_full_06.txt,dataset/malicious/combination/combo_full_06.txt,malicious,combination,8
combo_full_07.txt,dataset/malicious/combination/combo_full_07.txt,malicious,combination,9
combo_full_08.txt,dataset/malicious/combination/combo_full_08.txt,malicious,combination,9
combo_full_09.txt,dataset/malicious/combination/combo_full_09.txt,malicious,combination,12
combo_full_10.txt,dataset/malicious/combination/combo_full_10.txt,malicious,combination,12
01_s3_management_sequence.txt,dataset/benign/base/01_s3_management_sequence.txt,benign,base,2
02_ec2_describe_sequence.txt,dataset/benign/base/02_ec2_describe_sequence.txt,benign,base,5
03_iam_readonly_sequence.txt,dataset/benign/base/03_iam_readonly_sequence.txt,benign,base,4
04_cloudtrail_readonly_sequence.txt,dataset/benign/base/04_cloudtrail_readonly_sequence.txt,benign,base,3
05_cloudwatch_readonly_sequence.txt,dataset/benign/base/05_cloudwatch_readonly_sequence.txt,benign,base,1
06_iam_user_create_sequence.txt,dataset/benign/base/06_iam_user_create_sequence.txt,benign,base,7
07_iam_role_create_sequence.txt,dataset/benign/base/07_iam_role_create_sequence.txt,benign,base,6
08_secretsmanager_sequence.txt,dataset/benign/base/08_secretsmanager_sequence.txt,benign,base,6
09_access_key_management_sequence.txt,dataset/benign/base/09_access_key_management_sequence.txt,benign,base,2
10_security_audit_sequence.txt,dataset/benign/base/10_security_audit_sequence.txt,benign,base,6
11_vpc_readonly_sequence.txt,dataset/benign/base/11_vpc_readonly_sequence.txt,benign,base,7
12_rds_readonly_sequence.txt,dataset/benign/base/12_rds_readonly_sequence.txt,benign,base,4
13_lambda_readonly_sequence.txt,dataset/benign/base/13_lambda_readonly_sequence.txt,benign,base,3
14_sns_sqs_readonly_sequence.txt,dataset/benign/base/14_sns_sqs_readonly_sequence.txt,benign,base,2
15_kms_readonly_sequence.txt,dataset/benign/base/15_kms_readonly_sequence.txt,benign,base,2
16_ssm_readonly_sequence.txt,dataset/benign/base/16_ssm_readonly_sequence.txt,benign,base,3
17_ec2_ami_snapshot_sequence.txt,dataset/benign/base/17_ec2_ami_snapshot_sequence.txt,benign,base,3
18_iam_policy_review_sequence.txt,dataset/benign/base/18_iam_policy_review_sequence.txt,benign,base,5
19_s3_config_review_sequence.txt,dataset/benign/base/19_s3_config_review_sequence.txt,benign,base,5
20_cloudformation_readonly_sequence.txt,dataset/benign/base/20_cloudformation_readonly_sequence.txt,benign,base,2
21_guardduty_readonly_sequence.txt,dataset/benign/base/21_guardduty_readonly_sequence.txt,benign,base,1
22_container_readonly_sequence.txt,dataset/benign/base/22_container_readonly_sequence.txt,benign,base,3
23_route53_readonly_sequence.txt,dataset/benign/base/23_route53_readonly_sequence.txt,benign,base,2
24_cost_readonly_sequence.txt,dataset/benign/base/24_cost_readonly_sequence.txt,benign,base,1
25_config_readonly_sequence.txt,dataset/benign/base/25_config_readonly_sequence.txt,benign,base,3
combo_cloudformation_ec2_rds_01.txt,dataset/benign/combination/combo_cloudformation_ec2_rds_01.txt,benign,combination,6
combo_cloudformation_iam_01.txt,dataset/benign/combination/combo_cloudformation_iam_01.txt,benign,combination,5
combo_cloudtrail_cloudwatch_01.txt,dataset/benign/combination/combo_cloudtrail_cloudwatch_01.txt,benign,combination,4
combo_cloudtrail_config_01.txt,dataset/benign/combination/combo_cloudtrail_config_01.txt,benign,combination,6
combo_cloudtrail_guardduty_01.txt,dataset/benign/combination/combo_cloudtrail_guardduty_01.txt,benign,combination,4
combo_cloudwatch_guardduty_01.txt,dataset/benign/combination/combo_cloudwatch_guardduty_01.txt,benign,combination,4
combo_compliance_check_01.txt,dataset/benign/combination/combo_compliance_check_01.txt,benign,combination,9
combo_compliance_check_02.txt,dataset/benign/combination/combo_compliance_check_02.txt,benign,combination,7
combo_container_iam_01.txt,dataset/benign/combination/combo_container_iam_01.txt,benign,combination,5
combo_container_lambda_sns_01.txt,dataset/benign/combination/combo_container_lambda_sns_01.txt,benign,combination,7
combo_container_network_01.txt,dataset/benign/combination/combo_container_network_01.txt,benign,combination,6
combo_cost_cloudformation_01.txt,dataset/benign/combination/combo_cost_cloudformation_01.txt,benign,combination,3
combo_cost_compliance_01.txt,dataset/benign/combination/combo_cost_compliance_01.txt,benign,combination,6
combo_cost_full_01.txt,dataset/benign/combination/combo_cost_full_01.txt,benign,combination,7
combo_cost_infra_01.txt,dataset/benign/combination/combo_cost_infra_01.txt,benign,combination,6
combo_credential_kms_review_01.txt,dataset/benign/combination/combo_credential_kms_review_01.txt,benign,combination,10
combo_credential_review_01.txt,dataset/benign/combination/combo_credential_review_01.txt,benign,combination,11
combo_daily_ops_01.txt,dataset/benign/combination/combo_daily_ops_01.txt,benign,combination,8
combo_daily_ops_02.txt,dataset/benign/combination/combo_daily_ops_02.txt,benign,combination,7
combo_daily_ops_03.txt,dataset/benign/combination/combo_daily_ops_03.txt,benign,combination,8
combo_daily_ops_04.txt,dataset/benign/combination/combo_daily_ops_04.txt,benign,combination,7
combo_daily_ops_05.txt,dataset/benign/combination/combo_daily_ops_05.txt,benign,combination,8
combo_devops_routine_01.txt,dataset/benign/combination/combo_devops_routine_01.txt,benign,combination,9
combo_devops_routine_02.txt,dataset/benign/combination/combo_devops_routine_02.txt,benign,combination,8
combo_ec2_ami_rds_01.txt,dataset/benign/combination/combo_ec2_ami_rds_01.txt,benign,combination,6
combo_ec2_ami_vpc_01.txt,dataset/benign/combination/combo_ec2_ami_vpc_01.txt,benign,combination,8
combo_ec2_cloudtrail_01.txt,dataset/benign/combination/combo_ec2_cloudtrail_01.txt,benign,combination,6
combo_ec2_cloudtrail_cloudwatch_01.txt,dataset/benign/combination/combo_ec2_cloudtrail_cloudwatch_01.txt,benign,combination,6
combo_ec2_iam_01.txt,dataset/benign/combination/combo_ec2_iam_01.txt,benign,combination,9
combo_ec2_lambda_rds_01.txt,dataset/benign/combination/combo_ec2_lambda_rds_01.txt,benign,combination,8
combo_ec2_rds_01.txt,dataset/benign/combination/combo_ec2_rds_01.txt,benign,combination,7
combo_ec2_ssm_cloudwatch_01.txt,dataset/benign/combination/combo_ec2_ssm_cloudwatch_01.txt,benign,combination,6
combo_ec2_vpc_01.txt,dataset/benign/combination/combo_ec2_vpc_01.txt,benign,combination,10
combo_fp_full_ops_01.txt,dataset/benign/combination/combo_fp_full_ops_01.txt,benign,combination,16
combo_fp_full_ops_02.txt,dataset/benign/combination/combo_fp_full_ops_02.txt,benign,combination,12
combo_fp_iam_ops_01.txt,dataset/benign/combination/combo_fp_iam_ops_01.txt,benign,combination,15
combo_fp_iam_ops_02.txt,dataset/benign/combination/combo_fp_iam_ops_02.txt,benign,combination,10
combo_fp_iam_ops_03.txt,dataset/benign/combination/combo_fp_iam_ops_03.txt,benign,combination,9
combo_fp_ssm_iam_01.txt,dataset/benign/combination/combo_fp_ssm_iam_01.txt,benign,combination,9
combo_fp_ssm_secretsmanager_01.txt,dataset/benign/combination/combo_fp_ssm_secretsmanager_01.txt,benign,combination,9
combo_full_infra_review_01.txt,dataset/benign/combination/combo_full_infra_review_01.txt,benign,combination,14
combo_full_ops_review_01.txt,dataset/benign/combination/combo_full_ops_review_01.txt,benign,combination,14
combo_full_security_review_01.txt,dataset/benign/combination/combo_full_security_review_01.txt,benign,combination,16
combo_full_security_review_02.txt,dataset/benign/combination/combo_full_security_review_02.txt,benign,combination,16
combo_iam_access_key_audit_01.txt,dataset/benign/combination/combo_iam_access_key_audit_01.txt,benign,combination,6
combo_iam_access_review_01.txt,dataset/benign/combination/combo_iam_access_review_01.txt,benign,combination,8
combo_iam_cloudtrail_01.txt,dataset/benign/combination/combo_iam_cloudtrail_01.txt,benign,combination,7
combo_iam_cloudwatch_01.txt,dataset/benign/combination/combo_iam_cloudwatch_01.txt,benign,combination,5
combo_iam_ec2_s3_cloudtrail_01.txt,dataset/benign/combination/combo_iam_ec2_s3_cloudtrail_01.txt,benign,combination,10
combo_iam_ecs_lambda_01.txt,dataset/benign/combination/combo_iam_ecs_lambda_01.txt,benign,combination,8
combo_iam_full_review_01.txt,dataset/benign/combination/combo_iam_full_review_01.txt,benign,combination,8
combo_iam_full_review_02.txt,dataset/benign/combination/combo_iam_full_review_02.txt,benign,combination,10
combo_iam_full_review_03.txt,dataset/benign/combination/combo_iam_full_review_03.txt,benign,combination,9
combo_iam_kms_secretsmanager_01.txt,dataset/benign/combination/combo_iam_kms_secretsmanager_01.txt,benign,combination,9
combo_iam_lambda_ssm_01.txt,dataset/benign/combination/combo_iam_lambda_ssm_01.txt,benign,combination,7
combo_iam_secretsmanager_kms_ssm_01.txt,dataset/benign/combination/combo_iam_secretsmanager_kms_ssm_01.txt,benign,combination,12
combo_iam_user_role_01.txt,dataset/benign/combination/combo_iam_user_role_01.txt,benign,combination,13
combo_iam_user_secretsmanager_01.txt,dataset/benign/combination/combo_iam_user_secretsmanager_01.txt,benign,combination,12
combo_incident_response_01.txt,dataset/benign/combination/combo_incident_response_01.txt,benign,combination,15
combo_incident_response_02.txt,dataset/benign/combination/combo_incident_response_02.txt,benign,combination,13
combo_infra_review_01.txt,dataset/benign/combination/combo_infra_review_01.txt,benign,combination,10
combo_infra_review_02.txt,dataset/benign/combination/combo_infra_review_02.txt,benign,combination,11
combo_kms_iam_review_01.txt,dataset/benign/combination/combo_kms_iam_review_01.txt,benign,combination,6
combo_kms_secretsmanager_01.txt,dataset/benign/combination/combo_kms_secretsmanager_01.txt,benign,combination,8
combo_lambda_cloudwatch_01.txt,dataset/benign/combination/combo_lambda_cloudwatch_01.txt,benign,combination,4
combo_lambda_iam_01.txt,dataset/benign/combination/combo_lambda_iam_01.txt,benign,combination,5
combo_monthly_audit_01.txt,dataset/benign/combination/combo_monthly_audit_01.txt,benign,combination,24
combo_monthly_audit_02.txt,dataset/benign/combination/combo_monthly_audit_02.txt,benign,combination,16
combo_network_review_01.txt,dataset/benign/combination/combo_network_review_01.txt,benign,combination,9
combo_network_review_02.txt,dataset/benign/combination/combo_network_review_02.txt,benign,combination,9
combo_onboarding_01.txt,dataset/benign/combination/combo_onboarding_01.txt,benign,combination,11
combo_onboarding_02.txt,dataset/benign/combination/combo_onboarding_02.txt,benign,combination,13
combo_rds_kms_01.txt,dataset/benign/combination/combo_rds_kms_01.txt,benign,combination,5
combo_rds_kms_secretsmanager_01.txt,dataset/benign/combination/combo_rds_kms_secretsmanager_01.txt,benign,combination,8
combo_rds_lambda_sns_01.txt,dataset/benign/combination/combo_rds_lambda_sns_01.txt,benign,combination,7
combo_rds_vpc_01.txt,dataset/benign/combination/combo_rds_vpc_01.txt,benign,combination,9
combo_route53_cloudwatch_01.txt,dataset/benign/combination/combo_route53_cloudwatch_01.txt,benign,combination,5
combo_route53_vpc_01.txt,dataset/benign/combination/combo_route53_vpc_01.txt,benign,combination,5
combo_s3_cloudtrail_01.txt,dataset/benign/combination/combo_s3_cloudtrail_01.txt,benign,combination,5
combo_s3_cloudtrail_config_01.txt,dataset/benign/combination/combo_s3_cloudtrail_config_01.txt,benign,combination,8
combo_s3_config_review_01.txt,dataset/benign/combination/combo_s3_config_review_01.txt,benign,combination,7
combo_s3_ec2_01.txt,dataset/benign/combination/combo_s3_ec2_01.txt,benign,combination,7
combo_s3_iam_01.txt,dataset/benign/combination/combo_s3_iam_01.txt,benign,combination,6
combo_s3_kms_01.txt,dataset/benign/combination/combo_s3_kms_01.txt,benign,combination,7
combo_s3_rds_backup_01.txt,dataset/benign/combination/combo_s3_rds_backup_01.txt,benign,combination,7
combo_s3_security_review_01.txt,dataset/benign/combination/combo_s3_security_review_01.txt,benign,combination,8
combo_s3_vpc_01.txt,dataset/benign/combination/combo_s3_vpc_01.txt,benign,combination,9
combo_secretsmanager_ssm_01.txt,dataset/benign/combination/combo_secretsmanager_ssm_01.txt,benign,combination,8
combo_security_audit_full_01.txt,dataset/benign/combination/combo_security_audit_full_01.txt,benign,combination,13
combo_security_audit_full_02.txt,dataset/benign/combination/combo_security_audit_full_02.txt,benign,combination,9
combo_sns_cloudwatch_01.txt,dataset/benign/combination/combo_sns_cloudwatch_01.txt,benign,combination,5
combo_sns_lambda_01.txt,dataset/benign/combination/combo_sns_lambda_01.txt,benign,combination,5
combo_ssm_ec2_01.txt,dataset/benign/combination/combo_ssm_ec2_01.txt,benign,combination,6
combo_vpc_cloudwatch_01.txt,dataset/benign/combination/combo_vpc_cloudwatch_01.txt,benign,combination,8
combo_vpc_guardduty_config_01.txt,dataset/benign/combination/combo_vpc_guardduty_config_01.txt,benign,combination,7
combo_vpc_route53_01.txt,dataset/benign/combination/combo_vpc_route53_01.txt,benign,combination,8
combo_weekly_review_01.txt,dataset/benign/combination/combo_weekly_review_01.txt,benign,combination,17
combo_weekly_review_02.txt,dataset/benign/combination/combo_weekly_review_02.txt,benign,combination,12
combo_wellarchitected_review_01.txt,dataset/benign/combination/combo_wellarchitected_review_01.txt,benign,combination,23
combo_wellarchitected_review_02.txt,dataset/benign/combination/combo_wellarchitected_review_02.txt,benign,combination,16
